date,Marketing,Digital Marketing,Marketing Strategy,SEO,Pay Per Click,Market Segmentation,Return on Investment,Search Engine Marketing,Branding,Cost Per Click,Conversion Rate,Marketing Insights,Google Analytics,Performance Marketing,Google Ads,User Behaviour,Cost per Acquisition,Click Through Rate,Customer Acquisition,Customer Retention
2022-10-09,89,13,3,24,0,13,13,4,91,1,8,1,64,3,84,9,10,55,61,88
2022-10-16,91,13,3,28,0,12,13,4,94,2,8,1,62,3,83,9,10,50,54,87
2022-10-23,82,12,2,24,0,11,13,4,92,1,7,1,56,3,80,13,12,46,56,83
2022-10-30,92,13,2,23,0,11,13,4,85,2,8,1,58,3,85,12,11,52,59,80
2022-11-06,92,12,3,23,0,11,13,5,89,2,8,1,60,3,79,12,17,47,52,95
2022-11-13,88,13,3,23,0,12,14,4,92,2,8,1,64,3,82,8,15,52,54,99
2022-11-20,79,12,2,23,0,10,11,4,86,1,7,1,52,3,73,10,12,42,67,85
2022-11-27,87,13,3,24,0,11,14,5,91,2,8,1,57,3,80,9,16,60,62,93
2022-12-04,83,13,3,25,0,12,14,5,86,2,8,1,57,3,76,10,13,52,63,90
2022-12-11,84,13,2,27,0,11,14,5,88,1,8,1,51,3,78,11,16,53,65,90
2022-12-18,69,11,2,26,0,7,9,5,76,1,7,1,46,3,74,9,12,38,49,75
2022-12-25,63,12,1,26,0,5,7,4,69,1,6,0,37,2,61,6,8,26,39,64
2023-01-01,84,13,2,27,0,6,8,5,80,2,7,1,51,2,74,9,9,46,56,64
2023-01-08,96,16,2,31,0,8,11,6,93,1,8,1,63,3,83,10,10,56,69,100
2023-01-15,96,16,2,31,0,9,13,6,97,2,9,1,64,4,98,10,11,58,70,99
2023-01-22,92,14,2,26,0,8,11,5,93,2,8,1,58,3,82,10,10,52,63,77
2023-01-29,92,14,2,25,0,9,13,5,93,2,9,1,60,4,92,8,14,58,68,90
2023-02-05,94,15,2,25,0,9,14,4,100,2,9,1,71,4,100,11,14,62,78,83
2023-02-12,96,13,3,25,0,10,13,4,100,2,9,1,59,4,96,10,14,52,70,88
2023-02-19,91,13,2,25,0,10,12,4,90,2,8,1,62,3,90,9,14,46,74,88
2023-02-26,93,14,2,25,0,11,14,5,94,2,8,1,66,3,93,10,14,54,68,90
2023-03-05,89,14,2,27,0,11,13,5,96,2,8,1,58,3,88,10,13,52,77,90
2023-03-12,86,13,2,23,0,10,11,4,89,2,8,1,55,3,86,10,9,48,64,81
2023-03-19,87,14,2,25,0,11,13,4,91,2,8,1,59,3,88,13,13,52,69,85
2023-03-26,90,14,2,25,0,12,13,4,92,2,8,1,54,3,85,10,11,53,77,93
2023-04-02,86,14,2,27,0,8,14,5,83,2,8,1,60,3,92,7,14,47,63,89
2023-04-09,84,13,2,27,0,9,14,4,88,1,8,1,51,3,79,9,10,51,68,87
2023-04-16,91,13,2,24,0,9,14,4,90,2,8,1,58,3,89,9,16,59,63,88
2023-04-23,87,14,2,27,0,9,14,5,88,2,8,1,55,3,83,11,15,49,66,87
2023-04-30,78,13,2,25,0,9,14,5,87,1,8,1,56,3,85,9,15,47,68,89
2023-05-07,86,14,2,25,0,9,14,4,90,1,8,1,65,3,89,13,11,52,62,81
2023-05-14,89,13,2,26,0,8,12,5,91,2,8,1,58,3,85,8,8,46,60,86
2023-05-21,93,15,2,31,0,9,12,5,97,2,8,1,59,3,91,8,15,47,57,89
2023-05-28,91,15,2,29,0,7,10,6,89,1,8,1,59,3,88,9,7,49,69,82
2023-06-04,100,16,2,30,0,8,11,5,91,2,8,1,64,3,91,12,10,49,64,81
2023-06-11,92,16,2,28,0,8,10,5,94,2,8,1,61,3,85,7,11,46,58,72
2023-06-18,92,15,2,33,0,7,10,5,90,2,8,1,64,3,83,15,11,48,66,79
2023-06-25,89,15,2,29,0,6,9,5,88,1,8,1,68,3,84,11,11,45,56,80
2023-07-02,80,16,2,29,0,6,9,5,93,2,8,1,63,3,86,10,10,50,54,73
2023-07-09,96,18,2,33,0,6,10,5,96,2,9,1,58,3,92,9,11,52,68,80
2023-07-16,93,14,2,28,0,6,9,5,84,2,8,1,48,3,79,5,12,42,63,70
2023-07-23,96,16,2,32,0,6,11,5,90,2,8,1,48,3,79,7,11,53,70,86
2023-07-30,80,14,1,27,0,5,9,5,85,1,8,1,43,3,76,8,7,46,63,75
2023-08-06,93,14,2,27,0,5,9,5,82,1,8,1,41,3,80,6,12,51,58,80
2023-08-13,80,13,2,26,0,5,9,4,81,1,8,1,43,3,72,8,13,46,61,76
2023-08-20,93,14,2,29,0,6,9,5,88,1,8,1,43,3,76,10,8,41,65,81
2023-08-27,90,15,2,29,0,6,9,5,85,2,8,1,43,3,77,10,14,51,65,79
2023-09-03,94,15,2,27,0,7,9,5,83,1,8,1,42,3,77,9,12,39,57,80
2023-09-10,92,15,2,26,0,9,11,4,91,2,8,1,40,3,77,8,11,46,72,95
2023-09-17,90,15,2,26,0,9,12,5,91,2,8,1,38,3,71,10,14,50,78,82
2023-09-24,93,14,2,27,0,11,13,5,96,2,9,1,39,3,79,8,14,45,79,89
