Marketing,Digital Marketing,Marketing Strategy,SEO,Pay Per Click,Market Segmentation,Return on Investment,Search Engine Marketing,Branding,Cost Per Click,Conversion Rate,Marketing Insights,Google Analytics,Performance Marketing,Google Ads,User Behaviour,Cost per Acquisition,Click Through Rate,Customer Acquisition,Customer Retention,Customer Retention,Customer Retention
100,100,100,100,100,100,100,100,100,100,100,100,100,100,100,100,100,100,100,100,100,100
31,79,63,86,78,59,97,96,99,100,100,85,79,68,94,53,80,72,40,58,58,58
23,63,57,84,72,56,65,87,98,75,98,57,78,63,90,49,55,59,33,48,48,48
22,54,48,71,58,54,61,64,94,64,97,41,76,35,83,27,55,55,32,48,48,48
19,52,48,66,38,53,52,63,84,60,92,39,74,34,82,21,54,53,28,46,46,46
18,44,47,65,38,38,47,62,58,43,90,37,57,33,79,18,40,50,28,46,46,46
18,44,47,56,33,38,47,53,57,43,81,29,55,33,78,14,40,46,24,45,45,45
18,40,44,46,31,37,34,52,57,43,75,28,50,26,76,14,39,38,22,37,37,37
17,40,44,44,30,30,25,52,56,40,60,27,48,26,74,12,34,34,21,33,33,33
17,35,43,44,26,27,25,44,52,37,55,25,41,26,70,10,34,31,21,32,32,32
16,33,42,40,25,27,24,40,44,37,55,24,40,26,68,7,20,25,21,30,30,30
16,30,39,36,20,26,22,39,44,30,55,19,32,26,64,5,19,22,19,30,30,30
15,30,37,35,19,25,22,38,36,28,54,18,31,25,64,3,16,22,18,26,26,26
14,30,26,31,17,20,22,37,31,28,54,17,30,22,56,2,16,22,17,25,25,25
13,29,26,29,16,19,21,36,31,24,53,15,28,20,53,1,14,22,16,23,23,23
11,29,25,27,16,17,20,36,29,22,46,15,28,19,51,1,14,20,11,22,22,22
10,26,25,27,15,17,20,35,28,22,44,15,28,18,50,1,14,19,11,22,22,22
10,24,24,25,14,17,19,34,27,19,42,13,27,16,48,1,13,19,11,20,20,20
9,23,23,24,14,16,17,33,26,19,40,12,23,15,46,1,12,19,10,18,18,18
8,22,23,23,14,16,17,33,23,19,30,3,23,15,46,1,11,18,9,16,16,16
8,22,22,23,13,16,15,30,21,19,28,2,22,15,44,1,11,18,9,14,14,14
8,22,22,22,13,16,15,30,20,3,26,1,20,15,31,1,11,16,9,14,14,14
8,20,22,21,13,15,14,29,20,3,24,1,19,14,27,0,10,14,8,14,14,14
8,20,21,20,12,15,14,29,20,3,23,1,17,14,27,0,2,11,8,13,13,13
7,19,21,20,12,15,13,26,19,2,23,1,16,14,25,0,2,10,8,12,12,12
